"id_cuenta_cliente","periodo_fiscal","onboarding_bonificado","horas_capacitacion_empleado","usuarios_licenciados","facturacion_anual_cliente"
410032,2023,0,12,100,4.7e+07
410032,2024,0,3.05343508720398,131,4.3e+07
410032,2025,0,3.25203251838684,123,4.9e+07
410440,2023,0,12,12,1560000
410440,2024,0,12,13,1970000
410440,2025,0,10,14,2350000
410495,2023,0,37.5,20,750000
410495,2024,0,20,25,110000
410495,2025,0,41.6666679382324,24,950000
410500,2023,0,0,200,23741000
410500,2024,0,0,155,19659000
410500,2025,0,6,80,25992000
410513,2023,0,0,15,1413900
410513,2024,0,0,16,1869348
410513,2025,0,20,16,1857765
410518,2023,0,0.875,48,2160900
410518,2024,0,0.893617033958435,47,2454500
410518,2025,0,0.848484873771667,66,3359800
410521,2023,0,44.1176452636719,17,1453081
410521,2024,0,18.75,16,1546911
410521,2025,0,0,14,1672366
410523,2023,0,20,70,8e+06
410523,2024,0,18.8235301971436,85,1.1e+07
410523,2025,0,24.4897956848145,98,1.5e+07
410529,2023,0,0,45,1535242
410529,2024,0,0,47,3209188
410529,2025,0,0.0784313753247261,51,4030352
410531,2023,0,0,200,1e+07
410531,2024,0,0.600000023841858,200,1e+07
410531,2025,0,1.05263161659241,190,9e+06
410533,2023,0,14.5714282989502,14,1600000
410533,2024,0,31.25,12,9e+05
410533,2025,0,19.6875,16,1300000
410535,2023,0,0,10,420664
410535,2024,0,0,11,544602
410535,2025,0,0,9,495331
410536,2023,0,1.60000002384186,15,1502502
410536,2024,0,1.5,16,1840912
410536,2025,0,1.33333337306976,18,2273869
410540,2023,0,0,50,5200000
410540,2024,0,0,50,6500000
410540,2025,0,0,55,5600000
410546,2023,0,0.366013079881668,153,1e+07
410546,2024,0,0.358208954334259,134,1.1e+07
410546,2025,0,7.6712327003479,146,1.2e+07
410547,2023,0,0,20,2300000
410547,2024,0,0,23,2500000
410547,2025,0,1.91999995708466,25,3e+06
410560,2023,0,0,22,725000
410560,2024,0,0,25,785000
410560,2025,0,0,23,785000
410561,2023,0,0,6,501859
410561,2024,0,0,6,580415
410561,2025,0,7.11111116409302,9,735442
410562,2023,0,1.33333337306976,15,4e+06
410562,2024,0,1.11111116409302,18,5e+06
410562,2025,0,7.89473676681519,19,7e+06
410563,2023,0,0,73,5300000
410563,2024,0,0,76,5800000
410563,2025,0,5,80,6400000
410566,2023,0,6.85714292526245,14,2101581
410566,2024,0,1.875,16,2400723
410566,2025,0,3.07692313194275,13,2470633
410567,2023,0,0,40,3e+06
410567,2024,0,0,48,3800000
410567,2025,0,16,50,3100000
410571,2023,0,25,17,755050
410571,2024,0,25,15,1102723
410571,2025,0,12.5,20,1073785
410577,2023,0,1.20000004768372,75,4750000
410577,2024,0,1.75,80,5100000
410577,2025,0,1.4893616437912,94,5500000
410586,2023,0,38.8965530395508,116,1.1e+07
410586,2024,0,38.7543869018555,114,1.1e+07
410586,2025,0,39.1008415222168,119,1.1e+07
410593,2023,0,0,5,3500000
410593,2024,0,0,5,3800000
410593,2025,0,0,5,4e+06
410596,2023,0,10,8,990400
410596,2024,0,12,16,1166100
410596,2025,0,14,20,1815900
410606,2023,0,3.46774196624756,124,10507000
410606,2024,0,1.88976383209229,127,12172850
410606,2025,0,19.03125,128,12039550
410609,2023,0,0,22,1650831
410609,2024,0,0,37,1817961
410609,2025,0,0,44,1642441
410612,2023,0,12,60,7e+06
410612,2024,0,12,65,8500000
410612,2025,0,12,70,1.1e+07
410626,2023,0,2.66666674613953,27,4600000
410626,2024,0,1.14285719394684,28,4900000
410626,2025,0,6.40000009536743,30,5600000
410635,2023,0,0,100,2e+07
410635,2024,0,0.0105263162404299,95,1.8e+07
410635,2025,0,11.764705657959,85,1.6e+07
410639,2023,0,0.370370358228683,135,1.4e+07
410639,2024,0,1.66666662693024,135,1.5e+07
410639,2025,0,3.47222232818604,144,15500000
410640,2023,0,55.3846168518066,13,1656000
410640,2024,0,36.3636360168457,11,1527000
410640,2025,0,30.769229888916,13,1454000
410680,2023,0,51.8518524169922,27,2873000
410680,2024,0,4.09836053848267,61,6097000
410680,2025,0,12.115385055542,52,5670000
410686,2023,0,0,6,2100000
410686,2024,0,2.85714292526245,7,1800000
410686,2025,0,0,6,1600000
418008,2023,0,0,10,9e+05
418008,2024,1,16,10,1200000
418008,2025,0,0,12,1100000
418011,2023,0,0,70,4200000
418011,2024,1,8.60000038146973,50,3740000
418011,2025,0,6.66666650772095,30,2040000
418013,2023,0,4,20,750000
418013,2024,1,10,18,8e+05
418013,2025,0,6,20,950000
418014,2023,0,56.8888893127441,9,6802180
418014,2024,1,163.91667175293,12,936477
418014,2025,0,75.2941207885742,17,1437883
418021,2023,0,0,11,1850000
418021,2024,1,6.1538462638855,13,2078000
418021,2025,0,1.53846156597137,13,2040000
418024,2023,0,0,40,5500000
418024,2024,1,38,60,6e+06
418024,2025,0,2,100,7e+06
418035,2023,0,0,30,1269000
418035,2024,1,18.3999996185303,30,1681000
418035,2025,0,0,31,1814000
418045,2023,0,4,15,2e+06
418045,2024,0,8,15,2500000
418045,2025,0,150,15,3500000
418052,2023,0,0,6,4e+05
418052,2024,1,55,5,5e+05
418052,2025,0,0,7,6e+05
418054,2023,0,0,60,3330457
418054,2024,1,1.84615385532379,65,3765312
418054,2025,0,0,56,3533090
418065,2023,0,3.47490358352661,259,26942000
418065,2024,1,15.4803628921509,331,32161000
418065,2025,0,3.3644859790802,321,31046000
418076,2023,0,16.6666660308838,60,3870000
418076,2024,1,30.4571437835693,70,3882000
418076,2025,0,14.2857141494751,70,5330000
418091,2023,0,1.33333337306976,150,1.1e+07
418091,2024,1,12.6857147216797,175,1.5e+07
418091,2025,0,5,200,1.8e+07
418097,2023,0,0.3125,80,6e+06
418097,2024,1,2.79999995231628,150,7700000
418097,2025,0,0,120,5643000
418107,2023,0,10,10,307501
418107,2024,1,83,25,1961818
418107,2025,0,13.235294342041,34,2650786
418109,2023,0,100,6,6e+05
418109,2024,1,120.833335876465,12,820000
418109,2025,0,91.4285736083984,14,1200000
418118,2023,0,3.125,16,1608573
418118,2024,1,25,16,1342236
418118,2025,0,3.125,16,1504283
418124,2023,0,0,15,1600000
418124,2024,1,18,20,1800000
418124,2025,0,1.84615385532379,26,2e+06
418125,2023,0,9.30555534362793,72,10467040
418125,2024,1,31,128,15440030
418125,2025,0,9,168,22979550
418126,2023,0,5,60,5600000
418126,2024,1,48,50,6200000
418126,2025,0,3.75,48,6300000
418147,2023,0,0,15,726833
418147,2024,0,20,80,4005963
418147,2025,0,0,30,2089704
418163,2023,0,0,72,7742994
418163,2024,1,40,70,8273868
418163,2025,0,0,68,8329656
418168,2023,0,40,7,5449674
418168,2024,0,40,7,6131102
418168,2025,0,0,8,7332464
418177,2023,0,0,120,1e+07
418177,2024,1,26,120,1.2e+07
418177,2025,0,14,120,1.1e+07
418220,2023,0,0,19,580000
418220,2024,1,39,21,660000
418220,2025,0,0,30,984000
418225,2023,0,0,15,1300000
418225,2024,1,10,18,1600000
418225,2025,0,0,28,2300000
418229,2023,0,0,6,490000
418229,2024,0,0,7,580000
418229,2025,0,0,8,660000
418237,2023,0,0,28,4568907
418237,2024,1,6,28,4904008
418237,2025,0,1.37931036949158,29,5884603
418239,2023,0,5,80,6900000
418239,2024,0,7.692307472229,65,8400000
418239,2025,0,8,75,7100000
418245,2023,0,0,25,3e+06
418245,2024,0,0,30,4e+06
418245,2025,0,0,40,6e+06
419198,2023,0,19.764705657959,17,1083644
419198,2024,1,88,13,851605
419198,2025,0,6.22222232818604,9,885852
419201,2023,0,0,20,3499895
419201,2024,0,8.47058868408203,17,4008997
419201,2025,0,0,13,3379103
419242,2023,0,5.14285707473755,70,6400000
419242,2024,1,36,65,6800000
419242,2025,0,4,30,2100000
419268,2023,0,0,6,564694
419268,2024,0,0,6,620439
419268,2025,1,32,6,783261
419272,2023,0,10.2857141494751,35,4200000
419272,2024,0,2,40,4800000
419272,2025,1,80,43,5200000
419275,2023,0,26.6666660308838,15,930000
419275,2024,0,27.7777786254883,18,980000
419275,2025,1,71.4285736083984,21,1500000
419289,2023,0,0,13,1200000
419289,2024,0,0,14,1350000
419289,2025,1,72,15,1480000
419297,2023,0,33.3333320617676,150,22706650
419297,2024,0,13.4831457138062,178,30766010
419297,2025,0,4.67836236953735,171,28427980
419298,2023,0,0,80,1e+07
419298,2024,0,0,70,9e+06
419298,2025,1,36.9230766296387,65,9500000
419303,2023,0,0,6,875000
419303,2024,0,5,8,15850000
419303,2025,1,75,11,2250000
419307,2023,0,0,262,18050000
419307,2024,0,0.272727280855179,264,19270000
419307,2025,1,44,302,22220000
419309,2023,0,15,6,6e+05
419309,2024,0,20,9,750000
419309,2025,1,55,12,1e+06
419328,2023,0,0,27,2700000
419328,2024,0,0,27,2800000
419328,2025,1,12,27,2800000
419335,2023,0,0,57,8486927
419335,2024,0,7.54716968536377,53,4327519
419335,2025,0,3.22580647468567,62,8533205
419339,2023,0,0,40,8e+06
419339,2024,0,0,40,8500000
419339,2025,0,0,60,1e+07
419343,2023,0,3.5,100,1e+07
419343,2024,0,4.19999980926514,125,1.2e+07
419343,2025,1,17,290,4.8e+07
419357,2023,0,50,60,6870314
419357,2024,0,75,65,7079852
419357,2025,1,120,75,8040128
419376,2023,0,0.3125,32,6e+06
419376,2024,0,1.11111116409302,36,6100000
419376,2025,1,38,40,6300000
419378,2023,0,12.5,20,2700000
419378,2024,0,40.9090919494629,22,3100000
419378,2025,1,154,37,4700000
419380,2023,0,0,45,1e+07
419380,2024,0,0,50,1e+07
419380,2025,0,10,55,1.2e+07
419381,2023,0,4.2857141494751,14,1585000
419381,2024,0,0,11,1560000
419381,2025,1,50,12,1747000
419388,2023,0,0.5,40,2400000
419388,2024,0,1.66666662693024,36,2300000
419388,2025,1,18,33,2700000
419400,2023,0,56.6666679382324,6,373164
419400,2024,0,85,8,422611
419400,2025,0,75.5555572509766,9,390210
419401,2023,0,15.0967741012573,62,5e+06
419401,2024,0,12.6486482620239,74,6e+06
419401,2025,0,11.4146337509155,82,8e+06
419409,2023,0,10.6666669845581,75,8450000
419409,2024,0,26,72,10298000
419409,2025,1,60,75,10155000
419420,2023,0,0,19,1980000
419420,2024,0,0,15,1600000
419420,2025,1,80,12,1430000
419433,2023,0,10.5263156890869,19,1700000
419433,2024,0,15,19,2e+06
419433,2025,1,25.6666660308838,21,2200000
419434,2023,0,0,89,11380000
419434,2024,0,0,59,4748000
419434,2025,0,10,105,7175000
419449,2023,0,30,40,3317000
419449,2024,0,30,55,3692000
419449,2025,0,6.92307710647583,65,3252000
419450,2023,0,0,175,12500000
419450,2024,0,0,225,12500000
419450,2025,0,2.18181824684143,275,18200000
419459,2023,0,6.36363649368286,110,15100000
419459,2024,0,6.40000009536743,125,1.6e+07
419459,2025,0,14.222222328186,225,28900000
419467,2023,0,80,4,1494764
419467,2024,0,100,5,2566104
419467,2025,0,100,10,2191680
419483,2023,0,0,133,1.1e+07
419483,2024,0,0,108,11500000
419483,2025,0,3.10077524185181,129,1.2e+07
419486,2023,0,0,80,7e+06
419486,2024,0,0,90,8500000
419486,2025,1,36,100,9900000
